Order_ID,Date,Product,Region,Sales_Rep,Units_Sold,Unit_Price,Total_Sales
1001,8/9/2024,Headphones,East,Charlie,18,64.72,1164.96
1002,1/25/2024,Mobile,East,Bob,1,627.14,627.14
1003,10/31/2024,Tablet,East,Alice,10,265.44,2654.4
1004,6/24/2024,Tablet,East,Bob,6,983.24,5899.44
1005,11/15/2024,Tablet,North,David,10,1336.99,13369.9
1006,2/13/2024,Monitor,West,Bob,11,804.65,8851.15
1007,1/9/2024,Laptop,East,Charlie,3,1272.33,3816.99
1008,1/19/2024,Mobile,East,Charlie,14,1149.95,16099.3
1009,4/11/2024,Mobile,North,David,4,943.1,3772.4
1010,9/2/2024,Mobile,West,Charlie,5,897.09,4485.45
1011,9/8/2024,Monitor,South,Charlie,2,766.02,1532.04
1012,4/25/2024,Headphones,East,Charlie,9,823.96,7415.64
1013,6/1/2024,Laptop,West,Alice,17,1485,25245
1014,3/20/2024,Monitor,North,Emma,6,550.56,3303.36
1015,11/21/2024,Monitor,North,Bob,1,346.66,346.66
1016,11/9/2024,Headphones,North,Bob,14,415.45,5816.3
1017,7/22/2024,Laptop,North,Charlie,12,405.58,4866.96
1018,8/11/2024,Tablet,East,Bob,2,1193.24,2386.48
1019,8/27/2024,Monitor,West,Emma,17,774.21,13161.57
1020,11/1/2024,Mobile,East,Charlie,16,1440.18,23042.88
1021,3/21/2024,Monitor,East,Charlie,8,1065.2,8521.6
1022,5/22/2024,Monitor,West,Bob,11,1365.83,15024.13
1023,11/16/2024,Mobile,North,Charlie,2,325.53,651.06
1024,11/8/2024,Laptop,South,Charlie,14,381.29,5338.06
1025,5/3/2024,Mobile,North,Alice,8,452.66,3621.28
1026,10/8/2024,Mobile,East,Alice,5,569.89,2849.45
1027,7/22/2024,Laptop,East,Bob,5,1271.62,6358.1
1028,1/5/2024,Headphones,West,Alice,16,1172.26,18756.16
1029,11/15/2024,Headphones,East,Emma,1,307.38,307.38
1030,6/10/2024,Headphones,West,David,9,1279.04,11511.36
1031,9/10/2024,Laptop,East,Alice,6,276,1656
1032,11/22/2024,Mobile,South,Charlie,2,1381.08,2762.16
1033,10/28/2024,Mobile,North,Bob,3,866.67,2600.01
1034,8/26/2024,Laptop,North,Emma,8,981.68,7853.44
1035,5/18/2024,Laptop,North,Charlie,17,911.72,15499.24
1036,9/6/2024,Mobile,West,Emma,4,441.32,1765.28
1037,9/21/2024,Tablet,South,Emma,17,538.85,9160.45
1038,10/21/2024,Tablet,South,Bob,10,295.69,2956.9
1039,11/18/2024,Tablet,West,Bob,13,1154.39,15007.07
1040,7/18/2024,Headphones,East,Charlie,4,321.76,1287.04
1041,12/21/2024,Tablet,North,David,8,1150.94,9207.52
1042,12/3/2024,Mobile,South,Alice,14,93.12,1303.68
1043,11/20/2024,Monitor,East,David,12,351.52,4218.24
1044,8/4/2024,Tablet,East,Alice,10,930.7,9307
1045,5/20/2024,Laptop,West,David,8,703.23,5625.84
1046,1/23/2024,Headphones,North,Alice,17,1428.89,24291.13
1047,7/11/2024,Mobile,West,Bob,16,294.82,4717.12
1048,9/25/2024,Laptop,West,Alice,8,1326.76,10614.08
1049,8/6/2024,Laptop,South,Bob,4,459.99,1839.96
1050,3/5/2024,Tablet,West,Alice,16,1449.63,23194.08
1051,11/3/2024,Monitor,East,Alice,14,1388.93,19445.02
1052,11/21/2024,Tablet,East,Alice,11,373.41,4107.51
1053,9/3/2024,Tablet,East,Emma,11,546.17,6007.87
1054,1/10/2024,Laptop,West,Charlie,14,1238.49,17338.86
1055,12/24/2024,Tablet,West,Emma,15,1103.04,16545.6
1056,10/16/2024,Tablet,North,Alice,18,1174.48,21140.64
1057,6/9/2024,Headphones,East,Emma,14,1404.68,19665.52
1058,2/17/2024,Headphones,North,Bob,16,66,1056
1059,5/14/2024,Laptop,West,Alice,6,1366.76,8200.56
1060,2/21/2024,Headphones,East,Emma,13,1330.92,17301.96
1061,6/23/2024,Headphones,West,Emma,10,1023.25,10232.5
1062,7/29/2024,Laptop,South,Emma,19,1061.51,20168.69
1063,2/20/2024,Mobile,East,David,17,601.57,10226.69
1064,5/7/2024,Laptop,North,Bob,13,723.64,9407.32
1065,1/18/2024,Laptop,South,Alice,19,75.84,1440.96
1066,7/9/2024,Tablet,East,Charlie,9,884.79,7963.11
1067,5/9/2024,Headphones,West,Charlie,16,770.54,12328.64
1068,3/23/2024,Laptop,South,Emma,11,766.85,8435.35
1069,8/15/2024,Tablet,South,David,11,833.77,9171.47
1070,7/2/2024,Tablet,North,Alice,18,428.61,7714.98
1071,5/6/2024,Headphones,South,Alice,18,339.91,6118.38
1072,9/27/2024,Mobile,North,Bob,9,89.03,801.27
1073,11/29/2024,Mobile,East,David,4,419.26,1677.04
1074,7/21/2024,Headphones,East,Emma,3,1398.95,4196.85
1075,10/29/2024,Monitor,South,Emma,3,259.04,777.12
1076,11/28/2024,Laptop,North,Emma,5,301.2,1506
1077,9/29/2024,Laptop,West,Alice,7,489.05,3423.35
1078,7/24/2024,Tablet,North,Bob,5,1346.03,6730.15
1079,7/15/2024,Headphones,North,Alice,17,1355.68,23046.56
1080,1/3/2024,Laptop,East,David,13,110.66,1438.58
1081,12/22/2024,Monitor,North,Emma,17,688.82,11709.94
1082,5/10/2024,Mobile,West,Emma,8,262.13,2097.04
1083,3/22/2024,Tablet,East,Emma,19,270.33,5136.27
1084,11/24/2024,Tablet,West,Bob,4,398.77,1595.08
1085,8/15/2024,Mobile,West,Emma,17,967.94,16454.98
1086,7/9/2024,Laptop,East,Bob,17,491.03,8347.51
1087,2/21/2024,Headphones,East,Charlie,13,549.24,7140.12
1088,3/4/2024,Tablet,East,Bob,11,871.43,9585.73
1089,9/1/2024,Mobile,West,Charlie,14,754.52,10563.28
1090,6/14/2024,Tablet,West,David,4,738.77,2955.08
1091,9/19/2024,Laptop,North,Bob,16,137.6,2201.6
1092,8/16/2024,Headphones,East,Bob,18,914.08,16453.44
1093,5/2/2024,Monitor,East,Charlie,6,449.8,2698.8
1094,5/2/2024,Laptop,East,Emma,6,371.85,2231.1
1095,6/10/2024,Monitor,North,David,2,640.83,1281.66
1096,2/16/2024,Mobile,East,Bob,9,1100.63,9905.67
1097,3/13/2024,Laptop,West,Alice,11,904.9,9953.9
1098,10/2/2024,Mobile,North,Charlie,16,873.78,13980.48
1099,2/27/2024,Monitor,North,Bob,2,1045.7,2091.4
1100,8/9/2024,Headphones,South,Bob,11,380.06,4180.66
1101,3/15/2024,Monitor,East,Bob,4,531.73,2126.92
1102,11/20/2024,Laptop,East,Emma,15,749.52,11242.8
1103,6/20/2024,Laptop,South,David,17,870.82,14803.94
1104,1/11/2024,Laptop,South,Bob,7,130.68,914.76
1105,1/7/2024,Mobile,South,Alice,10,1214.49,12144.9
1106,2/28/2024,Headphones,West,Alice,12,51.17,614.04
1107,4/28/2024,Laptop,East,David,2,560.43,1120.86
1108,5/11/2024,Laptop,North,Alice,7,1469.62,10287.34
1109,3/10/2024,Tablet,West,David,12,1417.79,17013.48
1110,9/2/2024,Laptop,East,Alice,7,72.37,506.59
1111,7/17/2024,Mobile,East,Emma,14,807.39,11303.46
1112,2/1/2024,Laptop,North,Bob,1,1244.6,1244.6
1113,6/7/2024,Tablet,West,Emma,9,356.91,3212.19
1114,10/6/2024,Monitor,South,Charlie,3,707.86,2123.58
1115,8/9/2024,Mobile,West,David,14,740.32,10364.48
1116,4/5/2024,Mobile,East,Bob,15,829.22,12438.3
1117,6/10/2024,Headphones,North,Charlie,14,575.23,8053.22
1118,10/2/2024,Monitor,East,David,13,1026.97,13350.61
1119,12/10/2024,Headphones,North,Charlie,15,146.33,2194.95
1120,1/28/2024,Tablet,North,Charlie,12,1285.65,15427.8
1121,2/17/2024,Mobile,West,Charlie,14,1483.19,20764.66
1122,11/20/2024,Headphones,East,Alice,7,397.32,2781.24
1123,8/21/2024,Mobile,North,David,9,1410.7,12696.3
1124,2/7/2024,Mobile,East,Emma,3,71.1,213.3
1125,10/20/2024,Laptop,South,Charlie,4,731.95,2927.8
1126,4/8/2024,Monitor,North,Emma,18,822.44,14803.92
1127,3/9/2024,Tablet,North,Alice,4,236.32,945.28
1128,12/19/2024,Tablet,North,Emma,17,1167.3,19844.1
1129,8/20/2024,Tablet,East,Alice,18,114.09,2053.62
1130,6/1/2024,Tablet,South,Bob,5,1469.03,7345.15
1131,2/22/2024,Laptop,West,Emma,8,770.99,6167.92
1132,5/10/2024,Headphones,West,Emma,4,322.86,1291.44
1133,2/29/2024,Monitor,West,Alice,17,1006.88,17116.96
1134,1/10/2024,Headphones,West,Alice,11,135.52,1490.72
1135,1/5/2024,Laptop,South,Alice,1,1352.17,1352.17
1136,2/1/2024,Laptop,North,Bob,15,1450.28,21754.2
1137,3/29/2024,Headphones,East,Bob,15,492.75,7391.25
1138,2/7/2024,Laptop,East,Emma,6,770.38,4622.28
1139,11/22/2024,Headphones,West,Bob,11,868.03,9548.33
1140,11/7/2024,Laptop,North,Alice,5,421.42,2107.1
1141,7/24/2024,Tablet,South,Charlie,18,1333.77,24007.86
1142,12/26/2024,Mobile,East,Charlie,15,1325.94,19889.1
1143,2/13/2024,Monitor,East,David,10,973.14,9731.4
1144,1/24/2024,Monitor,South,David,16,740.77,11852.32
1145,6/13/2024,Laptop,North,David,18,1148.7,20676.6
1146,3/23/2024,Monitor,East,Alice,7,1461.8,10232.6
1147,7/28/2024,Tablet,West,Bob,7,944.42,6610.94
1148,8/1/2024,Laptop,South,Alice,19,717.68,13635.92
1149,1/2/2024,Laptop,East,Charlie,1,852.33,852.33
1150,9/9/2024,Headphones,West,Alice,1,1096.92,1096.92
1151,2/28/2024,Headphones,North,Emma,9,489.68,4407.12
1152,7/1/2024,Mobile,East,Bob,12,1496.1,17953.2
1153,4/13/2024,Headphones,East,Charlie,11,1214.54,13359.94
1154,6/30/2024,Laptop,East,David,8,1142.64,9141.12
1155,11/7/2024,Mobile,North,Bob,6,1236.58,7419.48
1156,7/4/2024,Laptop,North,Charlie,9,362.9,3266.1
1157,6/24/2024,Headphones,East,David,6,435.69,2614.14
1158,3/10/2024,Tablet,North,David,6,174.51,1047.06
1159,4/22/2024,Mobile,South,Alice,2,59.1,118.2
1160,11/25/2024,Tablet,West,Charlie,7,533.47,3734.29
1161,10/14/2024,Laptop,East,Charlie,17,135.49,2303.33
1162,9/8/2024,Headphones,South,Alice,9,350.99,3158.91
1163,8/3/2024,Tablet,West,Alice,17,1180.75,20072.75
1164,8/24/2024,Monitor,West,David,11,1127.88,12406.68
1165,3/1/2024,Headphones,North,Emma,19,582.25,11062.75
1166,5/20/2024,Mobile,South,Alice,7,689.25,4824.75
1167,5/31/2024,Monitor,North,David,18,578.68,10416.24
1168,8/24/2024,Headphones,East,Bob,9,292.84,2635.56
1169,2/25/2024,Mobile,East,David,16,1469.49,23511.84
1170,1/1/2024,Mobile,South,Alice,15,1129.09,16936.35
1171,4/17/2024,Headphones,North,Emma,12,976.21,11714.52
1172,1/18/2024,Monitor,North,Bob,10,850.17,8501.7
1173,4/22/2024,Headphones,West,Emma,18,1103.38,19860.84
1174,10/24/2024,Monitor,West,Charlie,8,1314.38,10515.04
1175,1/4/2024,Laptop,West,Charlie,12,520.42,6245.04
1176,1/3/2024,Laptop,North,Alice,7,1134.45,7941.15
1177,9/13/2024,Mobile,North,David,2,676.64,1353.28
1178,6/24/2024,Monitor,South,Emma,17,498.56,8475.52
1179,10/15/2024,Mobile,North,Charlie,5,376.18,1880.9
1180,11/3/2024,Tablet,North,Alice,16,843.06,13488.96
1181,7/19/2024,Tablet,South,Bob,11,1454.25,15996.75
1182,3/21/2024,Headphones,West,Bob,13,1477.61,19208.93
1183,6/29/2024,Laptop,South,Bob,14,1133.63,15870.82
1184,9/14/2024,Laptop,North,Alice,5,1190.73,5953.65
1185,4/10/2024,Laptop,South,Bob,6,739.31,4435.86
1186,11/26/2024,Mobile,South,Charlie,17,599.96,10199.32
1187,5/22/2024,Mobile,West,Charlie,10,736.48,7364.8
1188,7/24/2024,Tablet,South,Charlie,17,1461.81,24850.77
1189,6/9/2024,Laptop,West,Bob,1,195.92,195.92
1190,5/20/2024,Headphones,East,David,8,1145.72,9165.76
1191,7/29/2024,Headphones,West,Emma,17,162.45,2761.65
1192,9/29/2024,Mobile,West,Bob,14,911.1,12755.4
1193,11/1/2024,Headphones,South,Bob,6,570,3420
1194,4/17/2024,Mobile,North,Alice,14,841.98,11787.72
1195,12/6/2024,Headphones,North,Emma,2,1302.67,2605.34
1196,1/24/2024,Mobile,West,Emma,3,1247.61,3742.83
1197,2/15/2024,Monitor,West,Charlie,3,442.03,1326.09
1198,5/3/2024,Tablet,West,Bob,1,1354.63,1354.63
1199,8/3/2024,Mobile,South,Charlie,12,1287.26,15447.12
1200,12/22/2024,Mobile,North,Charlie,8,375.94,3007.52
1201,11/3/2024,Mobile,West,Charlie,14,1205.06,16870.84
1202,7/3/2024,Mobile,North,Emma,18,1244.47,22400.46
1203,3/5/2024,Mobile,East,Alice,17,1217.47,20696.99
1204,7/18/2024,Laptop,South,David,4,386.4,1545.6
1205,9/5/2024,Laptop,South,Bob,11,889.34,9782.74
1206,9/15/2024,Laptop,South,Charlie,9,508.77,4578.93
1207,9/29/2024,Monitor,North,Emma,12,973.52,11682.24
1208,6/3/2024,Headphones,East,Alice,5,760.93,3804.65
1209,11/29/2024,Monitor,South,Emma,9,1286.44,11577.96
1210,9/17/2024,Monitor,North,Emma,7,445.7,3119.9
1211,2/16/2024,Headphones,North,Emma,10,546.3,5463
1212,5/19/2024,Tablet,North,Bob,16,1085.73,17371.68
1213,7/28/2024,Mobile,South,David,4,1319.34,5277.36
1214,2/18/2024,Headphones,West,Bob,14,1243.91,17414.74
1215,7/8/2024,Mobile,West,Alice,14,338.96,4745.44
1216,9/29/2024,Laptop,West,Alice,10,361.21,3612.1
1217,4/5/2024,Mobile,North,David,14,1492.59,20896.26
1218,5/31/2024,Headphones,West,Alice,8,217.46,1739.68
1219,2/27/2024,Mobile,West,Charlie,13,1252.39,16281.07
1220,9/20/2024,Mobile,North,Emma,11,534.15,5875.65
1221,10/2/2024,Laptop,North,Emma,9,716.05,6444.45
1222,12/27/2024,Tablet,West,Emma,10,606.53,6065.3
1223,6/28/2024,Mobile,West,Bob,7,838.45,5869.15
1224,5/14/2024,Headphones,East,Bob,4,1239.9,4959.6
1225,1/9/2024,Headphones,East,Emma,12,60.16,721.92
1226,10/9/2024,Monitor,West,Emma,5,90.71,453.55
1227,12/8/2024,Mobile,South,Charlie,12,528.64,6343.68
1228,3/19/2024,Monitor,West,Emma,16,1170,18720
1229,8/22/2024,Mobile,East,Charlie,9,760.64,6845.76
1230,4/5/2024,Mobile,South,Emma,11,1122.76,12350.36
1231,7/13/2024,Mobile,South,Bob,11,327.73,3605.03
1232,10/3/2024,Monitor,West,Bob,3,436.57,1309.71
1233,11/19/2024,Tablet,North,Bob,12,301.7,3620.4
1234,10/29/2024,Monitor,West,David,19,1197.48,22752.12
1235,2/25/2024,Mobile,West,Bob,9,1135.45,10219.05
1236,9/18/2024,Mobile,North,Alice,8,94.67,757.36
1237,1/27/2024,Mobile,West,Alice,14,1109.17,15528.38
1238,4/2/2024,Headphones,East,David,8,1032.71,8261.68
1239,10/1/2024,Tablet,East,Alice,5,1018,5090
1240,5/7/2024,Headphones,East,David,17,459.4,7809.8
1241,9/30/2024,Monitor,East,Bob,15,515.72,7735.8
1242,3/3/2024,Headphones,South,Alice,6,806.89,4841.34
1243,6/14/2024,Headphones,West,Alice,14,728.34,10196.76
1244,8/8/2024,Headphones,North,David,8,1081.42,8651.36
1245,5/23/2024,Laptop,East,Emma,17,386.6,6572.2
1246,8/2/2024,Headphones,North,Alice,1,1118.01,1118.01
1247,3/13/2024,Mobile,East,Emma,10,782.17,7821.7
1248,8/4/2024,Tablet,West,Bob,17,710.32,12075.44
1249,2/17/2024,Mobile,South,Bob,19,1134.43,21554.17
1250,4/20/2024,Mobile,North,David,13,305.28,3968.64
1251,9/26/2024,Monitor,West,Emma,4,319.91,1279.64
1252,2/12/2024,Laptop,East,Charlie,1,143.74,143.74
1253,1/1/2024,Mobile,East,Charlie,18,100.93,1816.74
1254,1/13/2024,Headphones,North,Bob,17,1179.86,20057.62
1255,4/17/2024,Monitor,East,Charlie,16,1087.7,17403.2
1256,6/18/2024,Laptop,West,David,16,583.07,9329.12
1257,3/29/2024,Monitor,South,Charlie,7,96.69,676.83
1258,8/13/2024,Tablet,South,Emma,16,1470.54,23528.64
1259,1/19/2024,Tablet,South,Bob,12,530.97,6371.64
1260,9/9/2024,Mobile,South,David,18,192.85,3471.3
1261,4/4/2024,Mobile,East,David,7,915.54,6408.78
1262,1/31/2024,Mobile,East,Emma,18,543.25,9778.5
1263,9/23/2024,Mobile,North,Bob,19,1150.32,21856.08
1264,11/9/2024,Monitor,East,Charlie,10,588.97,5889.7
1265,6/6/2024,Laptop,West,Alice,3,1344.79,4034.37
1266,11/18/2024,Tablet,West,Alice,4,415.83,1663.32
1267,2/13/2024,Monitor,East,Emma,2,578.62,1157.24
1268,7/5/2024,Headphones,East,Charlie,15,1113,16695
1269,1/26/2024,Headphones,North,Emma,11,1341.46,14756.06
1270,2/6/2024,Headphones,West,Alice,10,882.16,8821.6
1271,8/11/2024,Laptop,South,Emma,6,1484.58,8907.48
1272,3/26/2024,Headphones,North,Alice,4,692.22,2768.88
1273,8/2/2024,Laptop,East,David,15,1387.11,20806.65
1274,12/11/2024,Monitor,South,Charlie,10,1267.46,12674.6
1275,10/28/2024,Monitor,North,David,14,1061.58,14862.12
1276,9/29/2024,Headphones,South,Charlie,15,224.76,3371.4
1277,6/22/2024,Mobile,North,Bob,12,764.01,9168.12
1278,1/25/2024,Mobile,North,Charlie,11,1206.01,13266.11
1279,9/30/2024,Monitor,West,David,9,646.66,5819.94
1280,11/11/2024,Tablet,East,Bob,5,998.32,4991.6
1281,6/2/2024,Mobile,East,David,13,715.56,9302.28
1282,12/1/2024,Monitor,South,Alice,19,125.87,2391.53
1283,8/3/2024,Laptop,West,Bob,12,1385.58,16626.96
1284,2/28/2024,Tablet,South,Alice,19,1380.08,26221.52
1285,9/6/2024,Mobile,South,Alice,15,216.97,3254.55
1286,11/4/2024,Laptop,North,Charlie,17,57.64,979.88
1287,3/2/2024,Tablet,South,David,7,495.55,3468.85
1288,1/9/2024,Headphones,West,Bob,16,505.38,8086.08
1289,11/29/2024,Monitor,North,Charlie,13,1103.42,14344.46
1290,1/13/2024,Tablet,East,Alice,14,509.9,7138.6
1291,4/28/2024,Tablet,North,Alice,2,1372.39,2744.78
1292,8/13/2024,Headphones,East,Alice,18,995.78,17924.04
1293,7/16/2024,Mobile,East,Alice,18,208.3,3749.4
1294,7/12/2024,Monitor,North,Charlie,11,705.09,7755.99
1295,4/7/2024,Mobile,West,Charlie,2,1498.48,2996.96
1296,8/3/2024,Laptop,West,Emma,9,505.95,4553.55
1297,5/9/2024,Headphones,South,Alice,1,415.53,415.53
1298,8/5/2024,Laptop,East,Emma,18,556.04,10008.72
1299,11/23/2024,Tablet,West,Alice,18,1329.06,23923.08
1300,4/22/2024,Mobile,South,Emma,14,788.85,11043.9
1301,6/23/2024,Monitor,East,Bob,5,650.47,3252.35
1302,6/7/2024,Monitor,East,Alice,10,209,2090
1303,2/6/2024,Mobile,South,Emma,3,1132.56,3397.68
1304,6/23/2024,Mobile,West,David,9,1347.26,12125.34
1305,8/1/2024,Laptop,West,Bob,1,1017.74,1017.74
1306,9/4/2024,Tablet,West,Alice,8,209.99,1679.92
1307,6/10/2024,Laptop,North,Charlie,3,889.92,2669.76
1308,7/7/2024,Monitor,East,Emma,15,632.7,9490.5
1309,10/22/2024,Mobile,East,Bob,7,589.18,4124.26
1310,7/13/2024,Headphones,West,Emma,11,956.65,10523.15
1311,6/15/2024,Tablet,East,David,3,554.12,1662.36
1312,2/7/2024,Mobile,East,Emma,2,1278.49,2556.98
1313,2/5/2024,Tablet,East,Alice,12,363.9,4366.8
1314,9/17/2024,Monitor,East,David,4,1458.9,5835.6
1315,7/18/2024,Laptop,West,Charlie,2,982.13,1964.26
1316,12/24/2024,Mobile,South,David,10,229.47,2294.7
1317,9/2/2024,Headphones,North,Charlie,17,489.04,8313.68
1318,10/23/2024,Monitor,South,Emma,17,779.16,13245.72
1319,6/17/2024,Monitor,West,Bob,11,614.46,6759.06
1320,6/15/2024,Monitor,West,Charlie,2,856.25,1712.5
1321,3/27/2024,Monitor,South,Bob,5,563.65,2818.25
1322,12/15/2024,Laptop,North,David,1,300.06,300.06
1323,4/6/2024,Mobile,West,Bob,7,318.83,2231.81
1324,7/13/2024,Headphones,East,Emma,7,1119.45,7836.15
1325,12/10/2024,Tablet,West,David,19,430.39,8177.41
1326,6/10/2024,Laptop,North,Charlie,8,575.1,4600.8
1327,2/2/2024,Monitor,North,Emma,11,1235.87,13594.57
1328,6/26/2024,Tablet,East,David,17,1172.53,19933.01
1329,10/22/2024,Headphones,East,David,13,684.85,8903.05
1330,9/29/2024,Tablet,East,Bob,2,1122.53,2245.06
1331,3/10/2024,Tablet,South,Bob,17,306.19,5205.23
1332,8/5/2024,Mobile,East,Bob,13,1486.45,19323.85
1333,6/18/2024,Headphones,North,Charlie,11,1077.59,11853.49
1334,1/30/2024,Mobile,West,Emma,12,502.2,6026.4
1335,10/19/2024,Tablet,West,Charlie,6,443.64,2661.84
1336,7/24/2024,Monitor,West,Emma,14,1285.71,17999.94
1337,5/15/2024,Headphones,South,David,14,215.32,3014.48
1338,8/19/2024,Headphones,North,Alice,9,370.61,3335.49
1339,2/23/2024,Mobile,West,Bob,19,776.05,14744.95
1340,4/7/2024,Mobile,South,David,11,872.83,9601.13
1341,8/23/2024,Monitor,North,Alice,12,545.38,6544.56
1342,10/15/2024,Laptop,South,Bob,18,745.55,13419.9
1343,4/8/2024,Mobile,North,Emma,15,268.48,4027.2
1344,2/6/2024,Headphones,West,Bob,19,284.88,5412.72
1345,2/3/2024,Tablet,West,David,14,1027.15,14380.1
1346,9/4/2024,Monitor,West,David,9,73.22,658.98
1347,7/22/2024,Laptop,East,Alice,8,1229.76,9838.08
1348,5/16/2024,Monitor,West,David,17,391.38,6653.46
1349,3/13/2024,Laptop,North,Emma,11,570.63,6276.93
1350,4/18/2024,Tablet,South,Alice,9,1071.5,9643.5
1351,7/22/2024,Headphones,North,David,15,1323.25,19848.75
1352,6/10/2024,Monitor,West,David,5,1043.89,5219.45
1353,7/18/2024,Mobile,South,Charlie,5,1040.29,5201.45
1354,12/12/2024,Tablet,South,Alice,18,1105.4,19897.2
1355,1/5/2024,Monitor,South,David,3,178.3,534.9
1356,11/7/2024,Mobile,West,Emma,2,1251.69,2503.38
1357,8/26/2024,Headphones,East,Bob,4,1378.19,5512.76
1358,4/8/2024,Headphones,East,Charlie,14,53.64,750.96
1359,1/1/2024,Tablet,West,Charlie,3,397.38,1192.14
1360,10/7/2024,Monitor,East,David,4,663.6,2654.4
1361,7/2/2024,Laptop,North,David,8,932.99,7463.92
1362,8/29/2024,Mobile,East,Charlie,15,314.65,4719.75
1363,12/13/2024,Laptop,West,Bob,18,337.03,6066.54
1364,2/17/2024,Mobile,South,David,18,166.95,3005.1
1365,11/3/2024,Headphones,North,Charlie,8,1158.54,9268.32
1366,2/19/2024,Mobile,East,Charlie,3,522.77,1568.31
1367,3/9/2024,Laptop,South,Alice,18,940.9,16936.2
1368,10/26/2024,Headphones,North,Charlie,17,736.59,12522.03
1369,2/2/2024,Tablet,West,Charlie,19,1248.26,23716.94
1370,9/15/2024,Monitor,South,Bob,18,455.33,8195.94
1371,12/5/2024,Headphones,East,Alice,15,309.83,4647.45
1372,11/22/2024,Headphones,North,Charlie,19,1001.01,19019.19
1373,12/27/2024,Monitor,West,Alice,19,187.38,3560.22
1374,6/11/2024,Tablet,East,Emma,17,543.16,9233.72
1375,2/14/2024,Laptop,North,Bob,19,468.83,8907.77
1376,4/9/2024,Mobile,West,Alice,4,1323.67,5294.68
1377,6/11/2024,Mobile,South,Alice,16,477.47,7639.52
1378,12/6/2024,Headphones,South,Emma,12,934.85,11218.2
1379,4/23/2024,Tablet,South,Alice,4,1313.61,5254.44
1380,10/3/2024,Mobile,South,Emma,6,382.61,2295.66
1381,3/29/2024,Headphones,South,Emma,10,1114.49,11144.9
1382,7/13/2024,Headphones,South,David,17,1126.55,19151.35
1383,1/29/2024,Monitor,North,Emma,1,722.71,722.71
1384,5/31/2024,Laptop,South,Emma,7,321.96,2253.72
1385,5/12/2024,Laptop,East,Emma,4,1059.52,4238.08
1386,6/16/2024,Laptop,South,Charlie,4,841.81,3367.24
1387,4/18/2024,Mobile,North,Alice,10,597.97,5979.7
1388,7/10/2024,Headphones,West,Emma,4,121.61,486.44
1389,5/31/2024,Headphones,North,Emma,5,356.86,1784.3
1390,8/10/2024,Monitor,North,Charlie,3,826.65,2479.95
1391,2/28/2024,Monitor,North,Charlie,6,1099.92,6599.52
1392,6/11/2024,Headphones,East,Alice,5,1146.7,5733.5
1393,9/19/2024,Monitor,South,David,10,379.88,3798.8
1394,5/23/2024,Laptop,South,Emma,6,701.5,4209
1395,8/12/2024,Monitor,East,David,7,1307.87,9155.09
1396,6/12/2024,Tablet,West,Charlie,16,763.78,12220.48
1397,9/17/2024,Headphones,North,Charlie,11,172.28,1895.08
1398,10/4/2024,Monitor,North,Bob,9,1332.22,11989.98
1399,2/1/2024,Headphones,North,David,14,641.72,8984.08
1400,3/3/2024,Laptop,West,Bob,19,409.01,7771.19
1401,1/15/2024,Monitor,East,Emma,6,1080.61,6483.66
1402,9/26/2024,Headphones,West,Alice,10,864.05,8640.5
1403,5/23/2024,Headphones,North,Emma,6,1115.5,6693
1404,6/26/2024,Tablet,East,Bob,5,571.21,2856.05
1405,6/10/2024,Headphones,South,David,7,761.62,5331.34
1406,9/29/2024,Monitor,West,Emma,1,896.76,896.76
1407,5/26/2024,Laptop,West,Emma,6,1364.41,8186.46
1408,3/17/2024,Headphones,East,David,13,571.62,7431.06
1409,4/15/2024,Monitor,East,David,8,208.65,1669.2
1410,9/22/2024,Headphones,South,Charlie,1,899.15,899.15
1411,2/18/2024,Headphones,North,Emma,16,889.93,14238.88
1412,10/4/2024,Laptop,East,Alice,16,1173.08,18769.28
1413,11/18/2024,Monitor,South,Emma,6,130.13,780.78
1414,5/15/2024,Monitor,South,Charlie,14,766.36,10729.04
1415,1/21/2024,Tablet,South,Bob,18,351.72,6330.96
1416,3/30/2024,Mobile,South,Charlie,4,693.22,2772.88
1417,10/3/2024,Laptop,North,Alice,7,1021.94,7153.58
1418,1/17/2024,Monitor,East,David,11,767.47,8442.17
1419,12/29/2024,Monitor,South,Alice,18,447.24,8050.32
1420,10/13/2024,Mobile,East,Emma,9,61.76,555.84
1421,11/27/2024,Tablet,North,Bob,3,449.41,1348.23
1422,3/7/2024,Mobile,East,Bob,11,1056.63,11622.93
1423,5/12/2024,Mobile,West,Alice,4,362.77,1451.08
1424,11/30/2024,Laptop,North,Emma,1,1467.89,1467.89
1425,1/24/2024,Headphones,South,Alice,17,1390.81,23643.77
1426,8/26/2024,Tablet,West,David,16,362.53,5800.48
1427,4/20/2024,Headphones,East,Bob,17,440.34,7485.78
1428,7/5/2024,Tablet,South,Alice,1,1235.55,1235.55
1429,7/10/2024,Laptop,East,Bob,12,970.25,11643
1430,1/11/2024,Tablet,East,Alice,2,1117.09,2234.18
1431,11/14/2024,Monitor,West,Alice,7,460.29,3222.03
1432,9/25/2024,Headphones,East,Emma,15,1023.16,15347.4
1433,8/4/2024,Monitor,North,Alice,9,76.11,684.99
1434,8/24/2024,Monitor,East,Bob,15,1352.12,20281.8
1435,7/29/2024,Tablet,West,Charlie,3,894.61,2683.83
1436,2/26/2024,Tablet,South,Bob,18,174.33,3137.94
1437,8/21/2024,Tablet,North,Emma,15,1343.13,20146.95
1438,12/26/2024,Mobile,West,David,19,251.42,4776.98
1439,12/1/2024,Headphones,North,Alice,19,1258.61,23913.59
1440,8/17/2024,Tablet,West,Charlie,11,720.68,7927.48
1441,8/22/2024,Laptop,East,Emma,19,1225.54,23285.26
1442,2/3/2024,Tablet,North,Emma,16,1415.34,22645.44
1443,4/23/2024,Laptop,North,Bob,12,787.77,9453.24
1444,2/21/2024,Tablet,West,David,1,1027.61,1027.61
1445,9/16/2024,Headphones,North,Alice,17,595.52,10123.84
1446,2/8/2024,Mobile,West,Bob,14,743.4,10407.6
1447,6/14/2024,Tablet,North,David,5,1041.28,5206.4
1448,3/24/2024,Mobile,East,Bob,18,404.19,7275.42
1449,10/14/2024,Monitor,North,Charlie,7,1264.28,8849.96
1450,4/5/2024,Mobile,East,David,13,1282.74,16675.62
1451,4/11/2024,Mobile,North,Emma,17,1498.55,25475.35
1452,10/4/2024,Laptop,East,David,9,176.06,1584.54
1453,4/11/2024,Mobile,West,Emma,8,330.39,2643.12
1454,4/13/2024,Monitor,West,Bob,1,1042.68,1042.68
1455,12/1/2024,Laptop,East,Bob,16,355.34,5685.44
1456,3/2/2024,Headphones,North,Emma,8,567.24,4537.92
1457,4/9/2024,Tablet,North,Charlie,3,724.35,2173.05
1458,10/2/2024,Headphones,North,Bob,4,585.09,2340.36
1459,10/20/2024,Monitor,South,Charlie,3,528.28,1584.84
1460,1/12/2024,Headphones,North,Bob,5,243.74,1218.7
1461,6/11/2024,Headphones,East,Charlie,17,1471.09,25008.53
1462,8/31/2024,Mobile,South,Alice,1,1154.66,1154.66
1463,1/31/2024,Tablet,South,David,7,1165.1,8155.7
1464,12/19/2024,Mobile,South,Alice,15,80.58,1208.7
1465,12/19/2024,Mobile,West,Charlie,10,65.95,659.5
1466,5/25/2024,Monitor,East,Emma,10,817.57,8175.7
1467,12/3/2024,Monitor,West,Emma,1,228,228
1468,8/14/2024,Headphones,East,Bob,19,1170.64,22242.16
1469,11/25/2024,Monitor,North,Alice,4,957.57,3830.28
1470,7/27/2024,Laptop,East,Bob,10,162.62,1626.2
1471,8/19/2024,Monitor,East,Alice,9,1410.97,12698.73
1472,8/15/2024,Monitor,South,Alice,12,155.72,1868.64
1473,5/14/2024,Laptop,North,Charlie,7,466.87,3268.09
1474,5/22/2024,Monitor,West,Alice,6,362.81,2176.86
1475,1/2/2024,Tablet,North,Alice,10,1414.59,14145.9
1476,1/23/2024,Mobile,North,Emma,6,1056.52,6339.12
1477,5/31/2024,Headphones,East,Emma,3,1243.87,3731.61
1478,5/17/2024,Mobile,West,Bob,9,301.42,2712.78
1479,12/8/2024,Tablet,South,Emma,2,1091.87,2183.74
1480,5/18/2024,Monitor,North,Bob,13,1089.52,14163.76
1481,9/15/2024,Laptop,South,David,6,536.35,3218.1
1482,2/3/2024,Headphones,South,Alice,12,1157.59,13891.08
1483,7/12/2024,Laptop,East,Emma,9,1469.13,13222.17
1484,3/1/2024,Tablet,South,Alice,4,1395.66,5582.64
1485,7/10/2024,Monitor,East,Charlie,19,1170.3,22235.7
1486,7/4/2024,Laptop,South,Alice,14,137.41,1923.74
1487,5/29/2024,Tablet,North,Emma,8,943.53,7548.24
1488,8/31/2024,Headphones,West,David,19,51.31,974.89
1489,9/16/2024,Tablet,East,Bob,18,1184.42,21319.56
1490,5/7/2024,Monitor,North,Emma,10,88.69,886.9
1491,6/16/2024,Laptop,West,David,5,1464.55,7322.75
1492,9/11/2024,Tablet,South,Charlie,11,498.49,5483.39
1493,5/15/2024,Mobile,West,Alice,2,967.97,1935.94
1494,5/21/2024,Monitor,West,Alice,14,878.77,12302.78
1495,3/20/2024,Monitor,South,David,3,1086.28,3258.84
1496,6/1/2024,Headphones,West,Alice,9,497.47,4477.23
1497,12/10/2024,Headphones,North,Alice,13,782.25,10169.25
1498,11/24/2024,Tablet,East,Charlie,4,1051.2,4204.8
1499,11/3/2024,Headphones,North,Alice,18,517.07,9307.26
1500,12/25/2024,Headphones,East,Bob,19,1172.78,22282.82
1501,12/2/2024,Headphones,South,Charlie,1,698.02,698.02
1502,2/12/2024,Laptop,North,Alice,9,1454.47,13090.23
1503,2/28/2024,Monitor,East,David,5,124.07,620.35
1504,7/20/2024,Laptop,South,Bob,9,104.82,943.38
1505,10/5/2024,Headphones,West,Bob,15,1435.93,21538.95
1506,6/23/2024,Monitor,North,Bob,11,59.27,651.97
1507,9/5/2024,Laptop,West,Alice,10,1411.2,14112
1508,6/25/2024,Mobile,East,Bob,10,1063.77,10637.7
1509,3/23/2024,Headphones,South,Alice,11,97.09,1067.99
1510,7/17/2024,Laptop,East,Charlie,18,774.9,13948.2
1511,1/24/2024,Monitor,North,Charlie,10,1432.64,14326.4
1512,6/21/2024,Tablet,South,David,14,758.12,10613.68
1513,11/25/2024,Tablet,South,Alice,7,389.76,2728.32
1514,6/7/2024,Headphones,West,Alice,9,1013.04,9117.36
1515,10/16/2024,Mobile,North,Charlie,5,1236.49,6182.45
1516,9/17/2024,Headphones,North,Alice,1,1244.27,1244.27
1517,2/3/2024,Mobile,East,Emma,18,677.67,12198.06
1518,6/8/2024,Mobile,South,Alice,8,117.51,940.08
1519,8/10/2024,Tablet,West,Emma,9,564.29,5078.61
1520,5/25/2024,Tablet,North,Bob,2,372.58,745.16
1521,5/16/2024,Mobile,North,Bob,1,131.84,131.84
1522,10/12/2024,Laptop,West,Charlie,5,1092.82,5464.1
1523,7/16/2024,Monitor,South,Alice,17,1497.52,25457.84
1524,9/20/2024,Laptop,North,Alice,14,99.46,1392.44
1525,10/28/2024,Monitor,East,Alice,14,1069.38,14971.32
1526,2/14/2024,Mobile,West,Emma,13,1421.58,18480.54
1527,9/22/2024,Headphones,North,Emma,9,724.55,6520.95
1528,4/1/2024,Headphones,West,Bob,5,682.04,3410.2
1529,7/11/2024,Headphones,East,David,14,864.75,12106.5
1530,8/15/2024,Monitor,West,Bob,18,884.04,15912.72
1531,2/28/2024,Laptop,East,David,15,62.08,931.2
1532,1/13/2024,Laptop,East,Charlie,15,83.41,1251.15
1533,1/8/2024,Tablet,East,Alice,3,840.87,2522.61
1534,7/15/2024,Mobile,West,Bob,14,791.39,11079.46
1535,6/20/2024,Headphones,West,Emma,2,988.7,1977.4
1536,6/20/2024,Mobile,North,Charlie,8,577.38,4619.04
1537,3/17/2024,Headphones,West,Alice,18,435.65,7841.7
1538,10/4/2024,Headphones,East,Bob,17,377.72,6421.24
1539,2/1/2024,Laptop,North,Charlie,4,913.05,3652.2
1540,12/17/2024,Tablet,West,Alice,18,1288.35,23190.3
1541,12/2/2024,Monitor,East,Charlie,19,1054.61,20037.59
1542,7/22/2024,Mobile,South,Bob,7,103.66,725.62
1543,4/15/2024,Monitor,West,Emma,13,79.96,1039.48
1544,6/16/2024,Monitor,South,Alice,12,1366.97,16403.64
1545,7/12/2024,Laptop,North,Emma,10,677.36,6773.6
1546,7/20/2024,Headphones,North,Charlie,2,1243.95,2487.9
1547,9/16/2024,Headphones,South,David,9,519.07,4671.63
1548,7/20/2024,Laptop,North,Alice,16,378.87,6061.92
1549,4/15/2024,Headphones,North,Emma,18,455.55,8199.9
1550,3/1/2024,Laptop,West,Alice,18,1001.21,18021.78
1551,3/3/2024,Mobile,East,Emma,3,577.56,1732.68
1552,10/27/2024,Laptop,East,Charlie,10,300.5,3005
1553,1/29/2024,Mobile,North,David,12,541.11,6493.32
1554,9/13/2024,Headphones,North,David,17,1214.11,20639.87
1555,3/5/2024,Monitor,West,David,10,1065.41,10654.1
1556,1/28/2024,Laptop,West,David,19,749.76,14245.44
1557,5/18/2024,Tablet,South,Bob,18,215.2,3873.6
1558,11/10/2024,Laptop,West,Charlie,3,1221.5,3664.5
1559,6/23/2024,Mobile,South,Charlie,16,644.72,10315.52
1560,12/13/2024,Laptop,East,Charlie,14,562.15,7870.1
1561,1/21/2024,Mobile,North,David,12,868.28,10419.36
1562,1/4/2024,Tablet,West,Charlie,4,1169.1,4676.4
1563,12/16/2024,Mobile,South,Emma,6,1396.3,8377.8
1564,6/8/2024,Tablet,West,Charlie,10,109.66,1096.6
1565,12/10/2024,Tablet,East,Alice,8,1494.57,11956.56
1566,7/1/2024,Laptop,North,Bob,17,255.91,4350.47
1567,5/30/2024,Mobile,East,Emma,18,693.03,12474.54
1568,7/14/2024,Tablet,South,Charlie,14,674.55,9443.7
1569,6/22/2024,Mobile,South,Alice,1,635.75,635.75
1570,3/10/2024,Laptop,North,Bob,8,1033.32,8266.56
1571,5/16/2024,Mobile,East,Bob,4,1441.85,5767.4
1572,12/23/2024,Mobile,East,David,1,954.47,954.47
1573,1/18/2024,Tablet,South,Emma,5,668.36,3341.8
1574,12/30/2024,Headphones,East,Emma,6,759.89,4559.34
1575,4/15/2024,Tablet,North,Emma,11,1497.08,16467.88
1576,7/18/2024,Tablet,South,Charlie,17,130.44,2217.48
1577,5/27/2024,Headphones,East,Alice,2,1275.27,2550.54
1578,10/28/2024,Tablet,North,Charlie,17,1149.63,19543.71
1579,2/27/2024,Laptop,North,Bob,1,1056.14,1056.14
1580,10/13/2024,Mobile,North,Emma,6,555.28,3331.68
1581,7/17/2024,Mobile,West,Charlie,10,327.63,3276.3
1582,8/21/2024,Laptop,East,Emma,5,1018.84,5094.2
1583,9/19/2024,Tablet,West,David,7,897.19,6280.33
1584,7/5/2024,Mobile,South,Alice,17,1381.35,23482.95
1585,4/29/2024,Laptop,South,Emma,9,1034.1,9306.9
1586,7/8/2024,Headphones,East,David,9,420.65,3785.85
1587,3/2/2024,Headphones,East,David,3,59.86,179.58
1588,6/12/2024,Mobile,East,Charlie,4,606.75,2427
1589,4/13/2024,Laptop,North,Charlie,5,1367.09,6835.45
1590,9/8/2024,Headphones,North,Charlie,8,574.5,4596
1591,11/8/2024,Laptop,South,David,17,438.38,7452.46
1592,1/24/2024,Headphones,West,David,15,1441.91,21628.65
1593,6/6/2024,Monitor,South,David,7,681.02,4767.14
1594,10/8/2024,Mobile,North,David,14,329.25,4609.5
1595,4/19/2024,Tablet,North,David,2,164.42,328.84
1596,6/24/2024,Laptop,West,Emma,17,488.52,8304.84
1597,4/1/2024,Headphones,North,David,18,459.07,8263.26
1598,11/14/2024,Mobile,North,Alice,17,390.03,6630.51
1599,2/27/2024,Laptop,South,Alice,10,1226.62,12266.2
1600,1/9/2024,Tablet,East,David,19,700.49,13309.31
1601,7/2/2024,Headphones,East,Bob,4,160.83,643.32
1602,12/5/2024,Tablet,North,Alice,14,101.56,1421.84
1603,7/1/2024,Mobile,North,Alice,8,482.06,3856.48
1604,7/28/2024,Headphones,North,David,13,310.02,4030.26
1605,5/27/2024,Tablet,West,David,11,197.77,2175.47
1606,12/12/2024,Mobile,East,Bob,17,1359.03,23103.51
1607,6/12/2024,Headphones,West,Emma,6,557.45,3344.7
1608,4/19/2024,Mobile,East,Emma,15,733.06,10995.9
1609,9/19/2024,Laptop,North,David,16,354.58,5673.28
1610,1/26/2024,Monitor,North,Bob,18,978.54,17613.72
1611,10/27/2024,Headphones,North,Emma,18,1251.05,22518.9
1612,2/6/2024,Monitor,West,Emma,15,1071.85,16077.75
1613,7/9/2024,Headphones,East,David,9,392.3,3530.7
1614,4/28/2024,Mobile,East,Alice,5,1357.53,6787.65
1615,9/25/2024,Headphones,South,Charlie,19,184.54,3506.26
1616,11/17/2024,Headphones,South,Charlie,14,1163.56,16289.84
1617,11/30/2024,Headphones,South,Charlie,7,458.01,3206.07
1618,12/29/2024,Mobile,West,David,7,1077.27,7540.89
1619,8/13/2024,Laptop,West,David,19,261.13,4961.47
1620,2/12/2024,Monitor,South,Bob,2,397.8,795.6
1621,10/30/2024,Monitor,East,Charlie,3,1195.11,3585.33
1622,7/28/2024,Monitor,East,Charlie,8,515.85,4126.8
1623,10/26/2024,Tablet,South,Charlie,1,377.57,377.57
1624,4/21/2024,Headphones,North,Bob,12,1367.67,16412.04
1625,10/1/2024,Tablet,East,Bob,16,1117.1,17873.6
1626,12/30/2024,Mobile,East,Alice,14,473.47,6628.58
1627,5/28/2024,Monitor,East,Charlie,14,1353.59,18950.26
1628,9/18/2024,Headphones,East,David,15,280.57,4208.55
1629,2/16/2024,Monitor,West,David,14,267.63,3746.82
1630,11/9/2024,Mobile,West,Charlie,16,710.07,11361.12
1631,6/30/2024,Mobile,North,Bob,9,524.24,4718.16
1632,10/28/2024,Monitor,East,Emma,18,1030.64,18551.52
1633,10/16/2024,Tablet,North,David,8,1171.46,9371.68
1634,8/1/2024,Monitor,West,Alice,12,1460.97,17531.64
1635,8/20/2024,Monitor,East,Bob,3,1056.35,3169.05
1636,9/26/2024,Laptop,South,Charlie,16,100.74,1611.84
1637,7/30/2024,Laptop,West,Alice,7,370.01,2590.07
1638,12/6/2024,Monitor,South,Emma,16,1145.13,18322.08
1639,8/27/2024,Monitor,South,Charlie,6,443.05,2658.3
1640,10/9/2024,Mobile,West,David,4,626.34,2505.36
1641,8/27/2024,Headphones,East,Bob,2,540.15,1080.3
1642,3/2/2024,Headphones,North,Bob,15,1332.78,19991.7
1643,7/26/2024,Mobile,South,David,16,847.23,13555.68
1644,12/21/2024,Tablet,South,Alice,13,358.55,4661.15
1645,6/24/2024,Headphones,North,David,3,729.18,2187.54
1646,5/20/2024,Tablet,West,Alice,15,143.24,2148.6
1647,3/25/2024,Mobile,North,Charlie,13,518.9,6745.7
1648,9/20/2024,Headphones,North,Alice,1,1074.73,1074.73
1649,4/23/2024,Tablet,West,Charlie,19,121.08,2300.52
1650,6/29/2024,Mobile,North,David,6,243.17,1459.02
1651,9/2/2024,Laptop,East,Charlie,1,1491.87,1491.87
1652,11/7/2024,Laptop,North,Emma,18,225.77,4063.86
1653,4/21/2024,Headphones,East,Bob,11,576.69,6343.59
1654,11/12/2024,Tablet,West,Charlie,18,1266.85,22803.3
1655,5/8/2024,Laptop,South,David,3,478.63,1435.89
1656,5/4/2024,Tablet,North,Emma,8,1171.14,9369.12
1657,9/3/2024,Headphones,East,Bob,10,1265.94,12659.4
1658,6/9/2024,Laptop,North,Emma,19,264.27,5021.13
1659,11/11/2024,Mobile,West,David,7,552.65,3868.55
1660,4/22/2024,Headphones,West,David,9,801.15,7210.35
1661,2/11/2024,Tablet,West,Emma,8,1079.81,8638.48
1662,4/26/2024,Monitor,North,Charlie,13,1089.75,14166.75
1663,4/27/2024,Monitor,North,Bob,10,152.81,1528.1
1664,4/7/2024,Tablet,North,Emma,1,307.64,307.64
1665,10/30/2024,Monitor,South,Emma,10,1379.31,13793.1
1666,10/21/2024,Mobile,East,Alice,7,753.11,5271.77
1667,6/27/2024,Tablet,West,David,7,128.59,900.13
1668,12/19/2024,Mobile,North,David,7,1211.59,8481.13
1669,4/21/2024,Monitor,West,Charlie,8,832.46,6659.68
1670,2/1/2024,Mobile,North,Charlie,17,977.9,16624.3
1671,12/15/2024,Headphones,North,Charlie,9,261.48,2353.32
1672,11/29/2024,Headphones,West,Alice,4,1438.37,5753.48
1673,2/4/2024,Mobile,South,Alice,13,1469.37,19101.81
1674,1/14/2024,Headphones,North,David,2,898.34,1796.68
1675,4/28/2024,Monitor,East,Alice,16,186.6,2985.6
1676,7/12/2024,Headphones,West,Charlie,4,263.87,1055.48
1677,6/23/2024,Monitor,South,Emma,16,1059.34,16949.44
1678,4/20/2024,Mobile,East,Emma,13,539.94,7019.22
1679,12/11/2024,Tablet,North,Charlie,4,1190.33,4761.32
1680,12/22/2024,Mobile,North,Alice,1,1138,1138
1681,7/6/2024,Headphones,West,David,15,1063.13,15946.95
1682,4/23/2024,Monitor,West,David,4,554.97,2219.88
1683,4/5/2024,Tablet,North,Alice,16,701.31,11220.96
1684,2/1/2024,Mobile,West,Emma,18,194.6,3502.8
1685,10/21/2024,Mobile,West,David,3,433.64,1300.92
1686,7/31/2024,Monitor,North,Alice,17,1093.42,18588.14
1687,2/21/2024,Tablet,North,Bob,9,1086.82,9781.38
1688,4/1/2024,Laptop,North,Alice,3,756.22,2268.66
1689,5/6/2024,Headphones,West,David,14,998.13,13973.82
1690,6/25/2024,Laptop,North,David,10,897.7,8977
1691,12/23/2024,Headphones,West,David,3,1474.66,4423.98
1692,6/7/2024,Tablet,North,Emma,12,1280.55,15366.6
1693,1/1/2024,Laptop,East,Emma,14,760.55,10647.7
1694,6/11/2024,Monitor,East,Bob,14,463.45,6488.3
1695,4/2/2024,Tablet,East,David,7,1443.75,10106.25
1696,11/9/2024,Headphones,North,Alice,5,1273.72,6368.6
1697,2/11/2024,Mobile,South,Emma,11,514.11,5655.21
1698,11/29/2024,Mobile,South,Bob,3,543.84,1631.52
1699,5/11/2024,Tablet,North,Bob,7,95.09,665.63
1700,6/13/2024,Mobile,North,Charlie,17,684.22,11631.74
1701,8/22/2024,Laptop,North,David,5,452.45,2262.25
1702,10/26/2024,Mobile,South,Charlie,3,115.18,345.54
1703,7/20/2024,Headphones,West,David,5,253.1,1265.5
1704,8/18/2024,Laptop,East,Charlie,8,431.39,3451.12
1705,5/8/2024,Mobile,West,Charlie,10,300.3,3003
1706,5/13/2024,Monitor,South,Bob,17,1357.84,23083.28
1707,5/13/2024,Monitor,North,David,18,309.39,5569.02
1708,3/31/2024,Tablet,East,Alice,18,643.31,11579.58
1709,2/22/2024,Headphones,East,Emma,6,942.03,5652.18
1710,12/22/2024,Monitor,East,Bob,12,1495.34,17944.08
1711,6/2/2024,Laptop,North,Emma,7,637.01,4459.07
1712,1/31/2024,Headphones,East,David,10,1312.5,13125
1713,12/2/2024,Mobile,North,Bob,19,1090.38,20717.22
1714,3/2/2024,Tablet,North,David,1,834.48,834.48
1715,6/6/2024,Monitor,South,Emma,1,1192.32,1192.32
1716,7/1/2024,Laptop,South,Bob,3,1154.89,3464.67
1717,7/11/2024,Headphones,North,Bob,11,993.41,10927.51
1718,9/19/2024,Mobile,South,David,1,713.14,713.14
1719,6/21/2024,Laptop,East,Bob,9,906.92,8162.28
1720,12/3/2024,Laptop,East,Emma,17,341.43,5804.31
1721,7/17/2024,Laptop,West,Alice,11,1476.64,16243.04
1722,7/23/2024,Mobile,South,Alice,1,622.26,622.26
1723,9/26/2024,Tablet,East,Emma,5,528.71,2643.55
1724,1/17/2024,Tablet,South,Charlie,17,1142.46,19421.82
1725,5/9/2024,Mobile,West,Alice,14,1213.5,16989
1726,10/30/2024,Monitor,South,Bob,12,360.56,4326.72
1727,5/2/2024,Mobile,East,Emma,5,1491.04,7455.2
1728,4/21/2024,Tablet,East,Alice,9,724.92,6524.28
1729,3/9/2024,Headphones,West,Charlie,14,574.76,8046.64
1730,8/30/2024,Tablet,West,Bob,7,209.05,1463.35
1731,5/19/2024,Laptop,North,Alice,13,1323.98,17211.74
1732,8/22/2024,Mobile,East,Charlie,13,891.14,11584.82
1733,7/6/2024,Tablet,West,Alice,15,933.49,14002.35
1734,9/2/2024,Headphones,East,David,13,754.69,9810.97
1735,4/6/2024,Monitor,West,Charlie,17,62.67,1065.39
1736,2/19/2024,Headphones,South,Charlie,3,1434.67,4304.01
1737,7/17/2024,Laptop,East,Emma,17,171.44,2914.48
1738,12/29/2024,Laptop,North,Alice,16,647.99,10367.84
1739,1/24/2024,Mobile,South,Bob,4,127.26,509.04
1740,10/31/2024,Tablet,South,David,17,1199.01,20383.17
1741,6/26/2024,Monitor,South,Alice,13,1119.64,14555.32
1742,12/19/2024,Laptop,East,Charlie,9,580.49,5224.41
1743,12/14/2024,Tablet,North,Alice,8,1135.57,9084.56
1744,2/12/2024,Monitor,North,Emma,14,235.42,3295.88
1745,5/6/2024,Mobile,East,David,7,1335.36,9347.52
1746,7/17/2024,Monitor,West,Charlie,14,161.97,2267.58
1747,6/7/2024,Laptop,South,Bob,7,744.95,5214.65
1748,9/13/2024,Mobile,West,David,1,317.74,317.74
1749,9/20/2024,Mobile,South,David,9,427.68,3849.12
1750,8/28/2024,Monitor,South,Bob,12,135.5,1626
1751,1/4/2024,Monitor,North,Alice,3,95.76,287.28
1752,1/12/2024,Tablet,North,Emma,17,823.91,14006.47
1753,12/10/2024,Headphones,East,Alice,14,862.93,12081.02
1754,3/3/2024,Mobile,North,David,3,242.79,728.37
1755,6/16/2024,Laptop,West,Bob,19,1469.06,27912.14
1756,11/10/2024,Laptop,South,Emma,2,430.57,861.14
1757,2/28/2024,Headphones,South,Emma,7,1081.68,7571.76
1758,10/5/2024,Laptop,South,David,9,1201.37,10812.33
1759,4/23/2024,Headphones,South,Alice,4,1380.57,5522.28
1760,9/25/2024,Monitor,North,Charlie,13,1227.45,15956.85
1761,1/3/2024,Mobile,North,Bob,16,846,13536
1762,6/8/2024,Mobile,East,David,14,73.07,1022.98
1763,7/19/2024,Headphones,East,David,5,202.04,1010.2
1764,8/16/2024,Laptop,South,David,5,658.85,3294.25
1765,1/17/2024,Headphones,North,David,19,1053.12,20009.28
1766,8/16/2024,Monitor,East,Emma,14,1374.75,19246.5
1767,2/17/2024,Laptop,East,Bob,8,1458.78,11670.24
1768,4/26/2024,Monitor,North,Emma,11,966.01,10626.11
1769,5/25/2024,Tablet,North,Alice,16,192.48,3079.68
1770,7/9/2024,Tablet,North,Emma,16,1269.93,20318.88
1771,12/11/2024,Mobile,South,Emma,6,1486.21,8917.26
1772,9/18/2024,Headphones,East,Bob,18,187.6,3376.8
1773,6/1/2024,Laptop,West,Emma,9,1491.04,13419.36
1774,8/1/2024,Laptop,North,Emma,13,298.55,3881.15
1775,12/30/2024,Monitor,East,Alice,8,1024.48,8195.84
1776,8/16/2024,Headphones,East,Bob,17,443.31,7536.27
1777,10/16/2024,Tablet,South,Charlie,8,1404.68,11237.44
1778,8/15/2024,Monitor,North,Bob,16,703.45,11255.2
1779,7/3/2024,Mobile,South,David,1,507.84,507.84
1780,1/2/2024,Tablet,North,Charlie,17,983.67,16722.39
1781,1/25/2024,Headphones,North,David,2,387.9,775.8
1782,7/17/2024,Headphones,South,Emma,15,351.07,5266.05
1783,9/19/2024,Tablet,West,Charlie,9,70.19,631.71
1784,8/4/2024,Laptop,East,Bob,9,1242.24,11180.16
1785,8/27/2024,Laptop,South,Bob,8,1038.51,8308.08
1786,9/17/2024,Tablet,East,Emma,3,1100.47,3301.41
1787,10/6/2024,Tablet,North,Charlie,1,97.94,97.94
1788,12/25/2024,Laptop,West,Charlie,10,1299.67,12996.7
1789,12/8/2024,Laptop,South,Alice,9,749.98,6749.82
1790,5/3/2024,Mobile,North,Charlie,13,405.33,5269.29
1791,8/10/2024,Laptop,East,Bob,9,972.62,8753.58
1792,7/23/2024,Mobile,South,Bob,5,842.8,4214
1793,9/1/2024,Monitor,West,Emma,17,374.65,6369.05
1794,11/18/2024,Laptop,South,Charlie,3,1426.75,4280.25
1795,7/17/2024,Monitor,East,Alice,13,420.98,5472.74
1796,1/6/2024,Headphones,East,Alice,3,818.18,2454.54
1797,8/15/2024,Mobile,West,Bob,18,982,17676
1798,2/18/2024,Headphones,North,Charlie,14,803.94,11255.16
1799,6/11/2024,Mobile,East,Alice,16,441.12,7057.92
1800,5/3/2024,Mobile,West,Emma,10,1344.51,13445.1
1801,9/5/2024,Monitor,North,David,2,981.27,1962.54
1802,12/9/2024,Laptop,South,Alice,16,1435.94,22975.04
1803,5/12/2024,Tablet,South,Emma,8,565.93,4527.44
1804,2/28/2024,Tablet,West,David,6,1308.17,7849.02
1805,6/27/2024,Laptop,West,David,1,837.32,837.32
1806,7/23/2024,Mobile,North,Charlie,16,340.01,5440.16
1807,2/15/2024,Laptop,West,David,1,566.58,566.58
1808,6/5/2024,Mobile,South,Bob,13,1051.79,13673.27
1809,12/9/2024,Headphones,North,Alice,5,709.26,3546.3
1810,2/2/2024,Mobile,North,Emma,1,738.72,738.72
1811,10/7/2024,Monitor,West,Bob,10,1032.47,10324.7
1812,6/19/2024,Laptop,West,Alice,9,585.93,5273.37
1813,4/20/2024,Laptop,North,Alice,7,1399.59,9797.13
1814,9/26/2024,Headphones,West,Bob,1,1053.9,1053.9
1815,6/28/2024,Mobile,West,Emma,4,1281.8,5127.2
1816,4/12/2024,Laptop,East,Alice,9,1289.32,11603.88
1817,11/4/2024,Laptop,West,Emma,15,1371.72,20575.8
1818,3/13/2024,Mobile,South,Emma,5,683.19,3415.95
1819,8/15/2024,Monitor,West,David,14,1359.71,19035.94
1820,11/15/2024,Monitor,East,Emma,10,701.02,7010.2
1821,1/6/2024,Laptop,East,Emma,18,758.76,13657.68
1822,11/17/2024,Headphones,North,Charlie,13,1297.77,16871.01
1823,3/18/2024,Headphones,West,David,19,1142.66,21710.54
1824,6/7/2024,Mobile,West,Bob,11,730.92,8040.12
1825,12/22/2024,Tablet,South,Alice,10,1079.2,10792
1826,3/2/2024,Mobile,West,Charlie,7,1440.59,10084.13
1827,8/15/2024,Tablet,South,Alice,4,599.51,2398.04
1828,9/17/2024,Laptop,West,Alice,17,1478.2,25129.4
1829,8/4/2024,Headphones,North,Bob,2,1278.31,2556.62
1830,8/2/2024,Laptop,South,Emma,11,1384.47,15229.17
1831,8/20/2024,Headphones,West,Emma,17,92.75,1576.75
1832,6/16/2024,Tablet,West,Emma,6,913.73,5482.38
1833,3/23/2024,Laptop,South,Emma,2,486.16,972.32
1834,6/4/2024,Tablet,West,Bob,1,117.86,117.86
1835,7/1/2024,Mobile,North,Charlie,17,1082.93,18409.81
1836,11/2/2024,Mobile,East,Emma,7,984.95,6894.65
1837,9/6/2024,Laptop,East,Emma,3,141.54,424.62
1838,11/10/2024,Monitor,West,Alice,15,792.44,11886.6
1839,11/10/2024,Mobile,North,David,11,695.49,7650.39
1840,8/6/2024,Headphones,South,Alice,8,355.18,2841.44
1841,10/25/2024,Mobile,North,David,3,527.88,1583.64
1842,1/21/2024,Headphones,West,Charlie,2,1260.72,2521.44
1843,2/29/2024,Headphones,West,Bob,13,264.31,3436.03
1844,5/10/2024,Laptop,East,Alice,19,879.18,16704.42
1845,5/21/2024,Headphones,North,Charlie,1,977.13,977.13
1846,10/17/2024,Monitor,South,Bob,13,707.09,9192.17
1847,6/19/2024,Tablet,East,Alice,1,404.9,404.9
1848,4/7/2024,Monitor,East,Emma,11,1046.25,11508.75
1849,12/12/2024,Tablet,West,Alice,11,960.42,10564.62
1850,11/10/2024,Laptop,South,Alice,3,782.79,2348.37
1851,5/26/2024,Headphones,North,Bob,11,836,9196
1852,5/7/2024,Laptop,North,David,1,606.12,606.12
1853,8/24/2024,Mobile,North,Bob,15,264.86,3972.9
1854,11/5/2024,Laptop,North,Charlie,11,804,8844
1855,12/2/2024,Monitor,North,Emma,18,507.5,9135
1856,5/13/2024,Tablet,South,Charlie,2,1049.66,2099.32
1857,7/7/2024,Tablet,North,David,4,667.92,2671.68
1858,10/6/2024,Tablet,North,Alice,7,253.92,1777.44
1859,11/26/2024,Laptop,West,Charlie,19,480.02,9120.38
1860,6/17/2024,Laptop,East,Bob,12,1469.27,17631.24
1861,2/18/2024,Headphones,North,Emma,14,141.12,1975.68
1862,8/4/2024,Headphones,West,Emma,1,1358.11,1358.11
1863,7/28/2024,Mobile,East,Emma,18,1340.22,24123.96
1864,3/14/2024,Laptop,West,Bob,14,1429.28,20009.92
1865,4/19/2024,Headphones,North,Charlie,8,990.04,7920.32
1866,8/28/2024,Tablet,North,Emma,11,790.39,8694.29
1867,5/5/2024,Mobile,West,Emma,3,506.47,1519.41
1868,8/19/2024,Tablet,West,Bob,10,795.42,7954.2
1869,8/8/2024,Tablet,North,David,16,102.32,1637.12
1870,10/10/2024,Monitor,West,David,16,792.58,12681.28
1871,12/25/2024,Laptop,East,Charlie,6,1198.14,7188.84
1872,9/17/2024,Laptop,East,Bob,14,130.83,1831.62
1873,10/6/2024,Headphones,East,David,9,348.1,3132.9
1874,2/14/2024,Tablet,South,Alice,2,87.25,174.5
1875,10/19/2024,Mobile,South,Bob,10,1367.44,13674.4
1876,4/7/2024,Laptop,North,Alice,8,1447.3,11578.4
1877,2/11/2024,Monitor,North,Emma,14,121.14,1695.96
1878,8/12/2024,Tablet,East,Charlie,11,679.69,7476.59
1879,11/26/2024,Mobile,South,Emma,19,831.27,15794.13
1880,9/1/2024,Monitor,East,Alice,12,560.89,6730.68
1881,7/19/2024,Headphones,West,Emma,14,1365.95,19123.3
1882,10/11/2024,Monitor,North,Charlie,2,469.23,938.46
1883,7/20/2024,Tablet,East,Alice,5,725.15,3625.75
1884,3/6/2024,Headphones,South,Emma,7,695.25,4866.75
1885,1/26/2024,Headphones,West,Bob,18,1055.92,19006.56
1886,11/5/2024,Mobile,East,David,14,889.98,12459.72
1887,3/16/2024,Laptop,East,Emma,17,552.31,9389.27
1888,4/2/2024,Monitor,North,Bob,16,289.73,4635.68
1889,10/7/2024,Tablet,North,Bob,2,1182.67,2365.34
1890,1/19/2024,Mobile,East,Emma,9,145.85,1312.65
1891,12/20/2024,Monitor,East,Charlie,19,494.91,9403.29
1892,4/14/2024,Tablet,West,Bob,19,1420.45,26988.55
1893,1/8/2024,Laptop,South,Emma,11,691.44,7605.84
1894,4/19/2024,Mobile,West,Charlie,17,995.63,16925.71
1895,5/14/2024,Mobile,West,Bob,15,427.32,6409.8
1896,1/12/2024,Monitor,North,Charlie,16,51.54,824.64
1897,3/12/2024,Tablet,East,David,5,1056.44,5282.2
1898,6/8/2024,Monitor,West,Bob,15,613.04,9195.6
1899,9/4/2024,Monitor,West,Bob,9,517.68,4659.12
1900,10/10/2024,Mobile,East,Charlie,11,897.41,9871.51
1901,9/19/2024,Monitor,South,Bob,18,1492.81,26870.58
1902,6/13/2024,Tablet,East,Bob,18,1179.92,21238.56
1903,2/24/2024,Headphones,North,Alice,4,702.05,2808.2
1904,6/17/2024,Tablet,North,Emma,2,991.27,1982.54
1905,12/25/2024,Mobile,North,Alice,12,346.42,4157.04
1906,8/1/2024,Mobile,West,Charlie,10,577.07,5770.7
1907,4/28/2024,Tablet,East,Alice,12,624.92,7499.04
1908,2/15/2024,Mobile,East,Emma,11,282.47,3107.17
1909,11/15/2024,Monitor,East,Emma,13,1420.63,18468.19
1910,5/31/2024,Laptop,East,Emma,14,917.42,12843.88
1911,12/9/2024,Laptop,East,Alice,1,316.24,316.24
1912,9/8/2024,Tablet,South,Emma,18,643.13,11576.34
1913,4/14/2024,Headphones,North,Charlie,1,1042.38,1042.38
1914,5/1/2024,Mobile,South,David,16,1395.52,22328.32
1915,3/6/2024,Headphones,North,Emma,19,689.5,13100.5
1916,11/7/2024,Tablet,West,Bob,7,548.97,3842.79
1917,8/22/2024,Laptop,North,Charlie,8,539.66,4317.28
1918,4/19/2024,Monitor,South,Emma,19,553.09,10508.71
1919,11/27/2024,Monitor,West,Emma,15,255.97,3839.55
1920,12/27/2024,Laptop,North,David,1,457.44,457.44
1921,1/8/2024,Mobile,South,Bob,2,536.54,1073.08
1922,4/25/2024,Tablet,South,David,5,192.05,960.25
1923,2/24/2024,Mobile,East,Emma,2,935.93,1871.86
1924,2/27/2024,Headphones,North,Bob,8,644.61,5156.88
1925,4/21/2024,Monitor,East,Charlie,8,942.97,7543.76
1926,7/22/2024,Tablet,North,Charlie,15,709.91,10648.65
1927,12/16/2024,Tablet,West,David,7,544.7,3812.9
1928,2/7/2024,Monitor,North,Emma,6,1412.72,8476.32
1929,12/28/2024,Mobile,South,Bob,5,457.07,2285.35
1930,2/29/2024,Monitor,West,Charlie,14,694.06,9716.84
1931,1/30/2024,Mobile,South,Charlie,10,580.18,5801.8
1932,4/2/2024,Mobile,East,David,9,943.18,8488.62
1933,6/21/2024,Headphones,East,David,3,1471.26,4413.78
1934,2/8/2024,Headphones,East,Alice,2,740.35,1480.7
1935,5/14/2024,Headphones,East,Charlie,17,1123.18,19094.06
1936,9/16/2024,Mobile,East,Emma,11,1284.85,14133.35
1937,1/9/2024,Laptop,East,Alice,15,1160.49,17407.35
1938,9/26/2024,Monitor,South,Alice,16,532.51,8520.16
1939,12/20/2024,Tablet,North,Bob,13,798.78,10384.14
1940,3/14/2024,Headphones,North,David,1,592.12,592.12
1941,5/13/2024,Laptop,North,Emma,12,1283.69,15404.28
1942,10/21/2024,Headphones,North,Emma,19,1317.94,25040.86
1943,1/10/2024,Monitor,West,David,8,888.65,7109.2
1944,7/4/2024,Tablet,East,Emma,6,807.85,4847.1
1945,9/22/2024,Tablet,West,Emma,11,1466.69,16133.59
1946,10/3/2024,Tablet,West,Bob,8,279.66,2237.28
1947,4/19/2024,Laptop,South,Emma,6,532.4,3194.4
1948,12/18/2024,Laptop,North,Charlie,11,803.04,8833.44
1949,9/10/2024,Headphones,South,Bob,13,1026.12,13339.56
1950,7/21/2024,Monitor,North,Charlie,19,426.07,8095.33
1951,2/11/2024,Monitor,South,Emma,10,1370.19,13701.9
1952,3/26/2024,Mobile,West,Charlie,8,1081.11,8648.88
1953,7/9/2024,Monitor,North,Alice,19,1128.85,21448.15
1954,8/6/2024,Laptop,East,Bob,16,1418.07,22689.12
1955,10/29/2024,Laptop,East,David,7,297.34,2081.38
1956,4/17/2024,Headphones,North,Alice,14,373.43,5228.02
1957,9/19/2024,Headphones,West,Alice,13,351.13,4564.69
1958,2/10/2024,Tablet,West,Emma,7,212.56,1487.92
1959,4/16/2024,Tablet,East,Charlie,16,684.65,10954.4
1960,8/10/2024,Mobile,North,Bob,6,819.12,4914.72
1961,4/26/2024,Mobile,North,Emma,1,724.21,724.21
1962,3/21/2024,Mobile,South,Alice,9,273.65,2462.85
1963,2/16/2024,Tablet,West,Emma,6,372.25,2233.5
1964,10/6/2024,Tablet,East,Emma,14,1136.18,15906.52
1965,8/6/2024,Tablet,South,Alice,16,1217.54,19480.64
1966,2/4/2024,Laptop,East,Alice,4,997.58,3990.32
1967,8/26/2024,Mobile,South,Bob,3,612.73,1838.19
1968,3/4/2024,Monitor,West,Alice,7,114,798
1969,6/27/2024,Tablet,North,Emma,19,898.66,17074.54
1970,8/11/2024,Tablet,East,David,14,511.44,7160.16
1971,12/17/2024,Headphones,West,David,7,1157.38,8101.66
1972,7/29/2024,Mobile,East,Bob,10,1021.27,10212.7
1973,1/29/2024,Tablet,East,Emma,15,636.82,9552.3
1974,2/2/2024,Monitor,North,Alice,7,567.14,3969.98
1975,12/24/2024,Headphones,South,Bob,13,520.9,6771.7
1976,5/6/2024,Headphones,West,David,8,428.45,3427.6
1977,6/3/2024,Monitor,South,Charlie,6,864.93,5189.58
1978,4/4/2024,Monitor,South,Emma,14,449.51,6293.14
1979,4/2/2024,Mobile,North,Emma,7,332.28,2325.96
1980,12/13/2024,Headphones,South,David,8,1000.21,8001.68
1981,6/23/2024,Mobile,South,David,16,1164.62,18633.92
1982,5/5/2024,Monitor,West,Emma,5,1053.27,5266.35
1983,12/14/2024,Tablet,West,Alice,7,1305.15,9136.05
1984,2/16/2024,Tablet,East,Bob,6,1348.02,8088.12
1985,5/10/2024,Monitor,North,Charlie,6,560.83,3364.98
1986,9/24/2024,Headphones,West,Emma,5,536.6,2683
1987,11/28/2024,Monitor,East,Emma,4,804.43,3217.72
1988,8/24/2024,Monitor,East,Charlie,16,645.03,10320.48
1989,2/8/2024,Monitor,North,Bob,14,603.46,8448.44
1990,10/16/2024,Mobile,West,Emma,15,912.08,13681.2
1991,4/14/2024,Tablet,North,David,1,349.32,349.32
1992,3/7/2024,Monitor,East,Charlie,3,1223.28,3669.84
1993,5/21/2024,Monitor,East,David,19,1025.8,19490.2
1994,5/31/2024,Tablet,West,Emma,12,923.13,11077.56
1995,1/18/2024,Laptop,East,Alice,14,319.43,4472.02
1996,6/3/2024,Mobile,South,Charlie,13,1459.2,18969.6
1997,11/1/2024,Laptop,North,Bob,17,727.15,12361.55
1998,3/19/2024,Tablet,East,David,19,168.25,3196.75
1999,3/26/2024,Monitor,West,David,2,1113.22,2226.44
2000,3/25/2024,Mobile,North,Alice,9,1102.44,9921.96
